001	f1	Is gaire cabhair Dé ná an doras
002	f1	Giorraíonn beirt bóthar
003	m1	
004	m1
005	f2
006
007
008
009
010
011
012
014
017
018
019
020
021
022
023
024
025
026
027
028
029
030
031
032
033
034
035
036
038
040
041
043
044
045
046
048
049
051
052
053
054
055
056
057
058
060
061
062
063
064
065
066
067
068
069
071
072
073
074
075
076
077
078
079
080
081
082
083
085
086
087
088
089
090
091
093
094
095
096
097
098
099
100
103
104
105
106
107
108
109
110
111
112
113
114
115
116
117
118
119
120
121
122
123
124
125
126
127
128
129
130
131
132
133
134
135
136
137
138
139
140
141
142
143
144
145
146
147
148
149
150
151
152
153
154
155
156
157
159
160
161
162
163
164
165
166
167
168
169
170
171
172
173
174
176
178
179
180
181
182
183
184
186
187
188
189
190
192
193
194
195
196
197
198
199
200
201
202
203
204
205
206
207
208
209
210
211
212
213
214
215
216
217
218
219
220
221
222
223
224
225
226
227
228
229
230
231
232
233
234
235
236
237
238
239
240
242
243
244
245
246
247
248
249
251
252
253
254
255
256
257
258
259
262
263
264
265
266
267
268
269
270
272
274
275
276
277
278
279
280
281
282
283
285
286
287
288
289
290
291
294
295
296
298
299
300
301
302
303
304
305
306
307
308
309
310
311
312
313
315
316
317
318
320
321
323
324A	m2	Dá fhaid é an lá, tagann an oíche
324
325
326
327
328
329
330
331
332
333
334
335
336
337
338
340
341
342
343
344
345
346
347
348
349
350
351
352
353
354
355
356
359
360
361
362
363
364
365
366
367
368
369
370
371
372
375
377
378
379
380
381
382
383
384
385
386
387
388
389
390
391
392
393
394
395
397
398
399
400
401
402
403
404
405
406
407
408
409
410
411
412
413
415
416
417
418
419
420
421
422
423
424
425
426
428
429
430
431
432
433
434
435
436
437
438
439
440
441
442
443
444
445
446
447
448
449
450
451
452
453
454
456
457
458
459
460
461
462
463
464
465
468
469
470
471
472
473
474
475
476
477
478
479
480
481
482
483
484
485
486
487
488
489
490
491
492
493
494
495
496
497
498
500
501
502
503
504
505
506
507
508
509
510
511
512
513
514
515
516
518
519
520
521
522
523
524
525
526
527
528
529
530
531
532
533
534
535
536
537
538
540
541
551
552
553
554
555
556
557
ARLA
DOWN
ELEANOR1
GOOSE
HEWLETT3
RAMBLE3
RECEIPT1
ROYAL
SISTERS
SPCE
SPIRAL
STEVE
TINTEAN	
